-- phpMyAdmin SQL Dump
-- version 4.8.3
-- https://www.phpmyadmin.net/
--
-- Host: 127.0.0.1
-- Generation Time: Jun 21, 2020 at 12:10 PM
-- Server version: 10.1.37-MariaDB
-- PHP Version: 7.2.12

SET SQL_MODE = "NO_AUTO_VALUE_ON_ZERO";
SET AUTOCOMMIT = 0;
START TRANSACTION;
SET time_zone = "+00:00";


/*!40101 SET @OLD_CHARACTER_SET_CLIENT=@@CHARACTER_SET_CLIENT */;
/*!40101 SET @OLD_CHARACTER_SET_RESULTS=@@CHARACTER_SET_RESULTS */;
/*!40101 SET @OLD_COLLATION_CONNECTION=@@COLLATION_CONNECTION */;
/*!40101 SET NAMES utf8mb4 */;

--
-- Database: `pustaka`
--

-- --------------------------------------------------------

--
-- Table structure for table `booking`
--

CREATE TABLE `booking` (
  `id_booking` varchar(12) NOT NULL,
  `tgl_booking` date NOT NULL,
  `batas_ambil` date NOT NULL,
  `id_user` int(11) NOT NULL
) ENGINE=InnoDB DEFAULT CHARSET=latin1;

-- --------------------------------------------------------

--
-- Table structure for table `booking_detail`
--

CREATE TABLE `booking_detail` (
  `id` int(11) NOT NULL,
  `id_booking` varchar(12) NOT NULL,
  `id_buku` int(11) NOT NULL
) ENGINE=InnoDB DEFAULT CHARSET=latin1;

-- --------------------------------------------------------

--
-- Table structure for table `buku`
--

CREATE TABLE `buku` (
  `id` int(11) NOT NULL,
  `judul_buku` varchar(128) NOT NULL,
  `id_kategori` int(11) NOT NULL,
  `pengarang` varchar(64) NOT NULL,
  `penerbit` varchar(64) NOT NULL,
  `tahun_terbit` year(4) NOT NULL,
  `isbn` varchar(64) NOT NULL,
  `stok` int(11) NOT NULL,
  `dipinjam` int(11) NOT NULL,
  `dibooking` int(11) NOT NULL,
  `image` varchar(256) NOT NULL
) ENGINE=InnoDB DEFAULT CHARSET=latin1;

--
-- Dumping data for table `buku`
--

INSERT INTO `buku` (`id`, `judul_buku`, `id_kategori`, `pengarang`, `penerbit`, `tahun_terbit`, `isbn`, `stok`, `dipinjam`, `dibooking`, `image`) VALUES
(1, 'Sword Art Online', 1, 'Reki Kawahara', 'ASSCII Media Works', 2009, '87654666', 49, 0, 1, 'img1587798459.jpg'),
(2, 'belajar ngoding PHP', 3, 'Bayu Anggara', 'ASSCII Media Works', 2008, '7768765444', 20, 0, 0, 'img1592539185.jpg'),
(3, 'Belajar Komputer', 3, 'Aji Septiawan', 'ASSCII Media Works', 2007, '8927263777', 30, 0, 0, 'img1592539693.jpg'),
(5, 'Bahasa Indonesia', 5, 'Umri Nur\'aini dan Indriyani', 'Pusat Pembukuan', 2015, '564432112', 50, 0, 0, 'img1592540279.jpg'),
(6, 'Komunikasi Lintas Budaya', 5, 'Dr. Dedy Kurnia', 'Published', 2015, '344556543', 50, 0, 0, 'img1592540591.jpg');

-- --------------------------------------------------------

--
-- Table structure for table `detail_pinjam`
--

CREATE TABLE `detail_pinjam` (
  `no_pinjam` varchar(12) CHARACTER SET utf8mb4 NOT NULL,
  `id_buku` int(11) NOT NULL,
  `denda` int(11) NOT NULL
) ENGINE=InnoDB DEFAULT CHARSET=latin1;

--
-- Dumping data for table `detail_pinjam`
--

INSERT INTO `detail_pinjam` (`no_pinjam`, `id_buku`, `denda`) VALUES
('15062020001', 1, 5000),
('19062020002', 2, 5000);

-- --------------------------------------------------------

--
-- Table structure for table `kategori`
--

CREATE TABLE `kategori` (
  `id` int(11) NOT NULL,
  `kategori` varchar(45) NOT NULL
) ENGINE=InnoDB DEFAULT CHARSET=latin1;

--
-- Dumping data for table `kategori`
--

INSERT INTO `kategori` (`id`, `kategori`) VALUES
(1, 'manga'),
(2, 'novel'),
(3, 'buku panduan'),
(5, 'buku');

-- --------------------------------------------------------

--
-- Table structure for table `pinjam`
--

CREATE TABLE `pinjam` (
  `no_pinjam` varchar(12) CHARACTER SET utf8mb4 NOT NULL,
  `tgl_pinjam` date NOT NULL,
  `id_booking` varchar(12) CHARACTER SET utf8mb4 NOT NULL,
  `id_user` int(11) NOT NULL,
  `tgl_kembali` date NOT NULL,
  `tgl_pengembalian` date NOT NULL,
  `status` enum('Pinjam','Kembali') CHARACTER SET utf8mb4 NOT NULL DEFAULT 'Pinjam',
  `total_denda` int(11) NOT NULL
) ENGINE=InnoDB DEFAULT CHARSET=latin1;

--
-- Dumping data for table `pinjam`
--

INSERT INTO `pinjam` (`no_pinjam`, `tgl_pinjam`, `id_booking`, `id_user`, `tgl_kembali`, `tgl_pengembalian`, `status`, `total_denda`) VALUES
('15062020001', '2020-06-15', '15062020003', 1, '2020-06-18', '2020-06-15', 'Kembali', 0),
('19062020002', '2020-06-19', '19062020001', 1, '2020-06-22', '2020-06-19', 'Kembali', 0);

-- --------------------------------------------------------

--
-- Table structure for table `role`
--

CREATE TABLE `role` (
  `id` int(11) NOT NULL,
  `role` varchar(128) NOT NULL
) ENGINE=InnoDB DEFAULT CHARSET=latin1;

-- --------------------------------------------------------

--
-- Table structure for table `temp`
--

CREATE TABLE `temp` (
  `id` int(11) NOT NULL,
  `tgl_booking` datetime DEFAULT NULL,
  `id_user` varchar(12) NOT NULL,
  `email_user` varchar(128) DEFAULT NULL,
  `id_buku` int(11) DEFAULT NULL,
  `judul_buku` varchar(255) NOT NULL,
  `image` varchar(255) NOT NULL,
  `penulis` varchar(128) NOT NULL,
  `penerbit` varchar(128) NOT NULL,
  `tahun_terbit` year(4) NOT NULL
) ENGINE=InnoDB DEFAULT CHARSET=latin1;

--
-- Dumping data for table `temp`
--

INSERT INTO `temp` (`id`, `tgl_booking`, `id_user`, `email_user`, `id_buku`, `judul_buku`, `image`, `penulis`, `penerbit`, `tahun_terbit`) VALUES
(1, '2020-06-21 12:16:43', '1', 'aul@mail.com', 1, 'Sword Art Online', 'img1587798459.jpg', 'Reki Kawahara', 'ASSCII Media Works', 2009),
(2, '2020-06-21 12:16:50', '1', 'aul@mail.com', 2, 'belajar ngoding PHP', 'img1592539185.jpg', 'Bayu Anggara', 'ASSCII Media Works', 2008);

-- --------------------------------------------------------

--
-- Table structure for table `user`
--

CREATE TABLE `user` (
  `id` int(11) NOT NULL,
  `nama` varchar(128) NOT NULL,
  `alamat` text NOT NULL,
  `email` varchar(128) NOT NULL,
  `image` varchar(128) NOT NULL,
  `password` varchar(256) NOT NULL,
  `role_id` int(11) NOT NULL,
  `is_active` int(1) NOT NULL,
  `tanggal_input` int(11) NOT NULL
) ENGINE=InnoDB DEFAULT CHARSET=latin1;

--
-- Dumping data for table `user`
--

INSERT INTO `user` (`id`, `nama`, `alamat`, `email`, `image`, `password`, `role_id`, `is_active`, `tanggal_input`) VALUES
(1, 'aulia', '', 'aul@mail.com', 'pro1592569836.PNG', '$2y$10$AlGLApmkkHzBS7r85CzqXukpkyHDU1JTp5e.H3OcriXN1J/UWT6kO', 2, 1, 1587798338),
(2, 'lala', '', 'lala@mail.com', 'default.jpg', '$2y$10$RFCm3pn1zoyItFfrzdHrpOfQV0GMK336rsh4Doy9oEAq6MYyhQG0K', 2, 1, 1588819563),
(3, 'aul', '', 'aulia@mail.com', 'default.jpg', '$2y$10$D0FcGBV8DW3bpFh/sItp.OKOkXu0LFhIYKFs7GPoLslJzsqzTLkR6', 2, 1, 1591620710),
(4, 'dinda', 'tangerang', 'dinda@email.com', 'default.jpg', '$2y$10$Y7Ym67dKpId8EjEcQ4x3Vem0jahgdWmoc02rJJ16fjOwV3071p2YO', 2, 1, 1591681256);

--
-- Indexes for dumped tables
--

--
-- Indexes for table `booking`
--
ALTER TABLE `booking`
  ADD PRIMARY KEY (`id_booking`);

--
-- Indexes for table `booking_detail`
--
ALTER TABLE `booking_detail`
  ADD PRIMARY KEY (`id`);

--
-- Indexes for table `buku`
--
ALTER TABLE `buku`
  ADD PRIMARY KEY (`id`);

--
-- Indexes for table `kategori`
--
ALTER TABLE `kategori`
  ADD PRIMARY KEY (`id`);

--
-- Indexes for table `role`
--
ALTER TABLE `role`
  ADD PRIMARY KEY (`id`);

--
-- Indexes for table `temp`
--
ALTER TABLE `temp`
  ADD PRIMARY KEY (`id`);

--
-- Indexes for table `user`
--
ALTER TABLE `user`
  ADD PRIMARY KEY (`id`);

--
-- AUTO_INCREMENT for dumped tables
--

--
-- AUTO_INCREMENT for table `booking_detail`
--
ALTER TABLE `booking_detail`
  MODIFY `id` int(11) NOT NULL AUTO_INCREMENT;

--
-- AUTO_INCREMENT for table `buku`
--
ALTER TABLE `buku`
  MODIFY `id` int(11) NOT NULL AUTO_INCREMENT, AUTO_INCREMENT=7;

--
-- AUTO_INCREMENT for table `kategori`
--
ALTER TABLE `kategori`
  MODIFY `id` int(11) NOT NULL AUTO_INCREMENT, AUTO_INCREMENT=6;

--
-- AUTO_INCREMENT for table `role`
--
ALTER TABLE `role`
  MODIFY `id` int(11) NOT NULL AUTO_INCREMENT;

--
-- AUTO_INCREMENT for table `temp`
--
ALTER TABLE `temp`
  MODIFY `id` int(11) NOT NULL AUTO_INCREMENT, AUTO_INCREMENT=3;

--
-- AUTO_INCREMENT for table `user`
--
ALTER TABLE `user`
  MODIFY `id` int(11) NOT NULL AUTO_INCREMENT, AUTO_INCREMENT=5;
COMMIT;

/*!40101 SET CHARACTER_SET_CLIENT=@OLD_CHARACTER_SET_CLIENT */;
/*!40101 SET CHARACTER_SET_RESULTS=@OLD_CHARACTER_SET_RESULTS */;
/*!40101 SET COLLATION_CONNECTION=@OLD_COLLATION_CONNECTION */;
